;0;1;2;3;4;5;6;7;8;9;10;11;12
0;Alle;Live;Reiseziele;Musik;Gaming;Sketch-Comedy;Kochsendungen;Action-Adventures;Rap;Kürzlich hochgeladen;;;
1;Alle;Live;Musik;Reiseziele;Gaming;Sketch-Comedy;Fußball;Natur;Action-Adventures;Kochen;Animation;Basteln;Kürzlich hochgeladen
2;Alle;Live;Gaming;Musik;Reiseziele;Sketch-Comedy;Natur;Kochen;Basteln;Kürzlich hochgeladen;;;
3;Alle;Live;Musik;Gaming;Reiseziele;Sketch-Comedy;Natur;Action-Adventures;Basteln;Kochen;Animation;Kürzlich hochgeladen;
4;Alle;Live;Musik;Reiseziele;Gaming;Sketch-Comedy;Fußball;Natur;Action-Adventures;Kochen;Animation;Basteln;Kürzlich hochgeladen
5;Alle;Live;Musik;Reiseziele;Gaming;Sketch-Comedy;Natur;Kochen;Action-Adventures;Animation;Basteln;Kürzlich hochgeladen;
6;Alle;Live;Musik;Reiseziele;Gaming;Sketch-Comedy;Natur;Action-Adventures;Animation;Basteln;Kochen;Kürzlich hochgeladen;
7;Alle;Live;Musik;Reiseziele;Gaming;Sketch-Comedy;Fußball;Action-Adventures;Kochen;Kürzlich hochgeladen;;;
8;Alle;Live;Musik;Gaming;Reiseziele;Natur;Action-Adventures;Animation;Basteln;Kochen;Kürzlich hochgeladen;;
9;Alle;Live;Musik;Reiseziele;Gaming;Sketch-Comedy;Basketball;Fußball;Kochen;Basteln;Minecraft;Animation;Kürzlich hochgeladen
