;0;1;2;3;4;5;6;7;8;9;10;11;12;13;14;15;16;17;18;19;20;21;22;23;24;25;26;27;28;29;30;31;32;33;34;35;36;37;38;39;40;41;42;43;44;45;46;47;48;49;50;51;52;53;54;55;56;57;58;59;60;61;62;63;64
0;[AO VIVO] JOGO ABERTO - 07/07/2022;Jogo Aberto;CCR, Scorpions, GNR, Bon Jovi, U2, Led Zeppelin, Aerosmith üìªüìª Rock Ballads 70's 80's 90's;Music In Paradise;Tom & Jerry in italiano | I momenti pi√π divertenti di Jerry!  üê≠ | WB Kids;WB Kids Italiano;POUSO em CONGONHAS na VIS√ÉO DO PILOTO - 4K;MARCELO TRENTINI;Como HACER la MEJOR GRANJA de MOBS | Tutorial Minecraft 1.19;Xeron Minecraft;ENORME Abertura de Lost Kitties!;SLIME SAM SAPECA;NAYEON ‚ÄúPOP!‚Äù Performance Video;TWICE;TUDO QUE TOCO VIRA VIDRO NO MINECRAFT;Athos;;Trolei meu AMIGO na BATALHA DE CONSTRU√á√ÉO do MINECRAFT;Athos;ACHEI A MINHA FAMILIA NO MINECRAFT!;Cadres;Se Voc√™ Souber a Curiosidade, o V√≠deo Acaba...;Problems;Voc√™ Consegue Escapar Desse Circulo?;Problems;AGORA TEMOS MIN√âRIOS INFINITOS DENTRO DE 1 BLOCO NO MINECRAFT - StoneBlock Ep.2;IRMANDADE;MASTERCHEF BRASIL (05/07/2022) | PARTE 2 | EP 08 | TEMP 09;MasterChef Brasil;Thor: Amor e Trov√£o - Cr√≠tica sem spoilers: o m√©todo Waititi n√£o funcionou;Dalenogare Cr√≠ticas;BASTIDORES - FLUMINENSE 4X0 CORINTHIANS - CAMPEONATO BRASILEIRO 2022;Fluminense Football Club;SEM SPOILERS! Minha cr√≠tica de THOR AMOR E TROV√ÉO [opini√£o] // BORGOVERSO;Huuro;League of Legends: Wild Rift | Pr√©via da Atualiza√ß√£o 3.3;WildRiftBR;SER√Å QUE G√äNIO QUIZ 9 √â BOM EM 2022?;Jazzghost;"God of War Ragnar√∂k - Trailer Cinematogr√°fico: ""Pai e Filho""  | PS5, PS4";PlayStation Brasil;Sin horno, sin huevo y sin leche | Sart√©n | F√°cil y r√°pido;Cozinha Elementar;Solo Leveling | TRAILER OFICIAL;Crunchyroll Brasil;Em palestra de 1999, Dr. En√©as explica por que acredita em Deus;EneasTV;Top Sertanejo 2022 || Top Sertanejo 2022 Mais Tocadas || As Melhores Musicas Sertanejas 2022 HD;Canal Sertanejo;MPB PARA O SEU CAFE DA MANHA NANDO REIS GADU SKANK TIM MAIA KIDABELHA ZELIA DUNCAN;88 Bier;Por que o Brasil parou de investir em ferrovias? A hist√≥ria da destrui√ß√£o das ferrovias no Brasil;Fatos Desconhecidos;ÿ£ÿØÿπŸäÿ© ŸÖÿÆÿ™ÿßÿ±ÿ© - ÿßŸÑÿπÿ¥ÿ± ŸÖŸÜ ÿ∞Ÿä ÿßŸÑÿ≠ÿ¨ÿ©  - ÿßŸÑŸÇÿßÿ±ÿ¶ ŸÅÿßÿ±ÿ≥ ÿπÿ®ÿßÿØ;ÿßŸÑŸÇŸÜÿßÿ© ÿßŸÑÿ±ÿ≥ŸÖŸäÿ© ŸÑŸÑŸÇÿßÿ±ÿ¶ ŸÅÿßÿ±ÿ≥ ÿπÿ®ÿßÿØ;Ed Sheeran, Martin Garrix, Kygo, Dua Lipa, Avicii, Robin Schulz, The Chainsmokers Style - Feeling Me;Haa Taa Deep;Louvores de Adora√ß√£o 2022 - Top 70 M√∫sicas Gospel Mais Tocadas 2022 - Hinos Evang√©licos 2022 #30;MG - M√∫sicas Gospel ‚ô™;Gols M√°s Humillantes Del F√∫tbol;ArtSoccer;Os V√≠deos Mais HIL√ÅRIOS e ENGRA√áADO do OLI NATO (@oli_natu) - TENTE N√ÇO RIR üòÇ PARTE 2;TikTok Premium;Pink Floyd - The Division Bell (1994) FULL ALBUM Vinyl Rip;lethalintoxication4900
1;[AO VIVO] JOGO ABERTO - 07/07/2022;Jogo Aberto;CCR, Scorpions, GNR, Bon Jovi, U2, Led Zeppelin, Aerosmith üìªüìª Rock Ballads 70's 80's 90's;Music In Paradise;Ed Sheeran, Martin Garrix, Kygo, Dua Lipa, Avicii, Robin Schulz, The Chainsmokers Style - Feeling Me;Haa Taa Deep;Pela Manh√£ (Clipe Oficial) - Alessandro Vilas Boas | Som do Reino;Som do Reino;Cartoon Gender swap edit || Dibujos Animados con G'enero Opuesto  #shorts;Play With Me;MIX SERTANEJO UNIVERSIT√ÅRIO - Henrique  Juliano, Maiara e Mara√≠sa, Gusttavo Lima,Z√© Neto e Cristiano;Canal Sertanejo;Maratona em Casa com a Turma #FicaemCasa üè† | Turma da M√¥nica;Turma da M√¥nica;Churrasquinho do Menos √© Mais - Melhor eu ir/Ligando os Fatos/Sonho de Amor/Deixa eu te querer;Grupo Menos √© Mais;;Trolei meu AMIGO na BATALHA DE CONSTRU√á√ÉO do MINECRAFT;Athos;"God of War Ragnar√∂k - Trailer Cinematogr√°fico: ""Pai e Filho""  | PS5, PS4";PlayStation Brasil;Thor: Amor e Trov√£o - Cr√≠tica sem spoilers: o m√©todo Waititi n√£o funcionou;Dalenogare Cr√≠ticas;Avalia√ß√£o NOVO HB20 2023 - Mudou pra melhor o Novo Hyundai Hb20 2023 mas e o farol de GOL?;Carro Chefe;BASTIDORES - FLUMINENSE 4X0 CORINTHIANS - CAMPEONATO BRASILEIRO 2022;Fluminense Football Club;League of Legends: Wild Rift | Pr√©via da Atualiza√ß√£o 3.3;WildRiftBR;MASTERCHEF BRASIL (05/07/2022) | PARTE 2 | EP 08 | TEMP 09;MasterChef Brasil;God of War Ragnar√∂k - Collector's and J√∂tnar Editions Official Unboxing Video | PS5 & PS4 Games;PlayStation;SEM SPOILERS! Minha cr√≠tica de THOR AMOR E TROV√ÉO [opini√£o] // BORGOVERSO;Huuro;aespa ÏóêÏä§Ìåå 'Girls' MV Teaser;SMTOWN;ASSISTI THOR: AMOR E TROV√ÉO - REVIEW COMPLETO [Sem Spoilers];Ei Nerd;MASTERCHEF BRASIL (05/07/2022) | PARTE 3 | EP 08 | TEMP 09;MasterChef Brasil;TUDO QUE TOCO VIRA VIDRO NO MINECRAFT;Athos;Pensei que minha dic√ß√£o era ruim at√© conhecer eles;T3ddy;Man√∫ Paiva - Al√≠vio | Cover (Jess√© Aguiar);Man√∫ Paiva;M√∫sica SUMMER Alegre para Trabajar en Oficinas, Tiendas, Caf√©s | M√∫sica SUMMER En Ingl√©s 2022;Summer Music Deep;Boyce Avenue Greatest Hits Full Album 2021 |  Best Songs Of Boyce Avenue 2021 |  Acoustic songs 2021;Acoustic Songs Collection;MPB AS MELHORES PRO CAFE DA MANHA, SKANK, NANDO REIS, KIDABELHA, THIAGO IORC;88 Bier;Pica-Pau em Portugu√™s | Insignificante | Desenhos Antigos de Pica-Pau | Desenhos Animado | WildBrain;WildBrain em Portugu√™s;Bolos fof√≠ssimos DIY || Preparando bolos deliciosos inspirados em nossos personagens favoritos;Slime Sam Sapeca LIVE;Louvores de Adora√ß√£o 2022 - Top 50 M√∫sicas Gospel Mais Tocadas 2022 - hinos gospel 2022;MG - M√∫sicas Gospel ‚ô™;Relaxing Whiskey Blues Music | Best Of Slow Blues /Rock Ballads | Fantastic Electric Guitar Blues;JAZZ & BLUES;Dua Lipa, Coldplay, Martin Garrix & Kygo, The Chainsmokers Style - Feeling Me;Deep Mood.;Padre Pio e Lutero;Padre Paulo Ricardo
2;[AO VIVO] JOGO ABERTO - 07/07/2022;Jogo Aberto;CCR, Scorpions, GNR, Bon Jovi, U2, Led Zeppelin, Aerosmith üìªüìª Rock Ballads 70's 80's 90's;Music In Paradise;Man√∫ Paiva - Al√≠vio | Cover (Jess√© Aguiar);Man√∫ Paiva;Pica Pau em Portugu√™s | Ganhe um Pr√™mio | Desenhos Animados | WildBrain em Portugu√™s;WildBrain em Portugu√™s;Revisemos nuestros privilegios financieros antes de criticar Bitcoin;Jorge Crypto;O Que Acontece com 1.000.000.000 de Espa√ßos no Invent√°rio?;Geleia;Pela Manh√£ (Clipe Oficial) - Alessandro Vilas Boas | Som do Reino;Som do Reino;MC Paiva e MC Ryan SP - Casei Com a Putaria (Love Funk) Kotim;Love Funk;;ASSISTI THOR: AMOR E TROV√ÉO - REVIEW COMPLETO [Sem Spoilers];Ei Nerd;"God of War Ragnar√∂k - Trailer Cinematogr√°fico: ""Pai e Filho""  | PS5, PS4";PlayStation Brasil;Voc√™ Consegue Escapar Desse Circulo?;Problems;Thor: Amor e Trov√£o - Cr√≠tica sem spoilers: o m√©todo Waititi n√£o funcionou;Dalenogare Cr√≠ticas;BASTIDORES - FLUMINENSE 4X0 CORINTHIANS - CAMPEONATO BRASILEIRO 2022;Fluminense Football Club;Avalia√ß√£o NOVO HB20 2023 - Mudou pra melhor o Novo Hyundai Hb20 2023 mas e o farol de GOL?;Carro Chefe;God of War Ragnar√∂k - Collector's and J√∂tnar Editions Official Unboxing Video | PS5 & PS4 Games;PlayStation;MASTERCHEF BRASIL (05/07/2022) | PARTE 2 | EP 08 | TEMP 09;MasterChef Brasil;League of Legends: Wild Rift | Pr√©via da Atualiza√ß√£o 3.3;WildRiftBR;SEM SPOILERS! Minha cr√≠tica de THOR AMOR E TROV√ÉO [opini√£o] // BORGOVERSO;Huuro;CLASSIFICA√á√ÉO HIST√ìRICA NUM DOS MAIORES JOGOS DO TIM√ÉO QUE J√Å VI. C√ÅSSIO E GIL DECISIVO. VP MONSTRO;Chico Garcia;AGORA TEMOS MIN√âRIOS INFINITOS DENTRO DE 1 BLOCO NO MINECRAFT - StoneBlock Ep.2;IRMANDADE;Sertanejo 2022 Atualizado Abril 2022 | Sertanejo Mais Tocadas 2022 -  2022 - 4;JB MUSIC;"O maior erro do whatsapp foi lan√ßar as ""rea√ß√µes""";T3ddy;Leozinn.077 Compilado melhores mais engra√ßados 2022 TikTok  | Leozinn.077;Aperta O play ;Ed Sheeran, Martin Garrix, Kygo, Dua Lipa, Avicii, Robin Schulz, The Chainsmokers Style - Feeling Me;Haa Taa Deep;Padre Pio e Lutero;Padre Paulo Ricardo;Adele - Easy On Me (Official Lyric Video);Adele;TUDO QUE TOCO VIRA VIDRO NO MINECRAFT;Athos;üî¥ NADIE DICE NADA | EN VIVO;LUZU TV;Churrasquinho do Menos √© Mais - Melhor eu ir/Ligando os Fatos/Sonho de Amor/Deixa eu te querer;Grupo Menos √© Mais;Ghibli Relaxing || ÂêâÂçúÂäõÈí¢Áê¥ üíì ËΩªÊùæÁöÑÈü≥‰πê üé∂üé∂ ÂçÉ‰∏éÂçÉÂØª, Â§©Á©∫‰πãÂüé, ÂìàÂ∞îÁöÑÁßªÂä®ÂüéÂ†°,...;Ghibli Piano Music;Maratona em Casa com a Turma #FicaemCasa üè† | Turma da M√¥nica;Turma da M√¥nica;FOGO EM TEUS OLHOS // LOUVOR IIR [ CLIPE OFICIAL ];IIR BRASIL
3;[AO VIVO] JOGO ABERTO - 07/07/2022;Jogo Aberto;CCR, Scorpions, GNR, Bon Jovi, U2, Led Zeppelin, Aerosmith üìªüìª Rock Ballads 70's 80's 90's;Music In Paradise;Ed Sheeran, Martin Garrix, Kygo, Dua Lipa, Avicii, Robin Schulz, The Chainsmokers Style - Feeling Me;Haa Taa Deep;Man√∫ Paiva - Al√≠vio | Cover (Jess√© Aguiar);Man√∫ Paiva;Cartoon Gender swap edit || Dibujos Animados con G'enero Opuesto  #shorts;Play With Me;MIX SERTANEJO UNIVERSIT√ÅRIO - Henrique  Juliano, Maiara e Mara√≠sa, Gusttavo Lima,Z√© Neto e Cristiano;Canal Sertanejo;ZERANDO O MINECRAFT UM ANOS DEPOIS!;Jazzghost;TUDO QUE TOCO VIRA VIDRO NO MINECRAFT;Athos;;Trolei meu AMIGO na BATALHA DE CONSTRU√á√ÉO do MINECRAFT;Athos;SER√Å QUE G√äNIO QUIZ 9 √â BOM EM 2022?;Jazzghost;Voc√™ Consegue Escapar Desse Circulo?;Problems;"God of War Ragnar√∂k - Trailer Cinematogr√°fico: ""Pai e Filho""  | PS5, PS4";PlayStation Brasil;Thor: Amor e Trov√£o - Cr√≠tica sem spoilers: o m√©todo Waititi n√£o funcionou;Dalenogare Cr√≠ticas;BASTIDORES - FLUMINENSE 4X0 CORINTHIANS - CAMPEONATO BRASILEIRO 2022;Fluminense Football Club;Avalia√ß√£o NOVO HB20 2023 - Mudou pra melhor o Novo Hyundai Hb20 2023 mas e o farol de GOL?;Carro Chefe;Se Voc√™ Souber a Curiosidade, o V√≠deo Acaba...;Problems;ASSISTI THOR: AMOR E TROV√ÉO - REVIEW COMPLETO [Sem Spoilers];Ei Nerd;League of Legends: Wild Rift | Pr√©via da Atualiza√ß√£o 3.3;WildRiftBR;MASTERCHEF BRASIL (05/07/2022) | PARTE 2 | EP 08 | TEMP 09;MasterChef Brasil;God of War Ragnar√∂k - Collector's and J√∂tnar Editions Official Unboxing Video | PS5 & PS4 Games;PlayStation;Piores pedreiros,  pedreiro ninja (parte 89);Dep√≥sito;Pela Manh√£ (Clipe Oficial) - Alessandro Vilas Boas | Som do Reino;Som do Reino;Maratona em Casa com a Turma #FicaemCasa üè† | Turma da M√¥nica;Turma da M√¥nica;Las Mejores Baladas en Ingles de los 80 y 90 üíù Romanticas Viejitas en Ingles 80's üíñCanciones De Amor;Romanticas M√∫sica;Best Relaxing Whiskey Jazz Blues Music | Best Of Slow Blues /Rock Ballads Songs  | Modern Blues;JAZZ & BLUES;Kygo, Avicii, Robin Schulz, Felix Jaehn, Alok, Lost Frequencies - Summer Vibes Deep House Mix;Wonder Deep;Louvores de Adora√ß√£o 2022 - Top 70 M√∫sicas Gospel Mais Tocadas 2022 - Hinos Evang√©licos 2022 #30;MG - M√∫sicas Gospel ‚ô™;MPB PARA TRABALHAR ESTUDAR OU RELAXAR Z√â RAMALHO, FAGNER, ALCEU VALEN√áA, GIL, NOVOS BAIANOS;M√∫sica Popular Brasileira;Pink Panther Fights Off Pests | 54 Minute Compilation | The Pink Panther Show;Official Pink Panther;M√∫sica curativa para aliviar el estr√©s, la fatiga, la depresi√≥n, la negatividad,;Soothing Your Soul;7 SINAIS DE PESSOAS INTELIGENTES DEMAIS;RenovadaMente;Chillout Lounge - Calm & Relaxing Background Music | Study, Work, Sleep, Meditation, Chill;The Good Life Radio x Sensual Musique
4;[AO VIVO] JOGO ABERTO - 07/07/2022;Jogo Aberto;CCR, Scorpions, GNR, Bon Jovi, U2, Led Zeppelin, Aerosmith üìªüìª Rock Ballads 70's 80's 90's;Music In Paradise;Ed Sheeran, Martin Garrix, Kygo, Dua Lipa, Avicii, Robin Schulz, The Chainsmokers Style - Feeling Me;Haa Taa Deep;Man√∫ Paiva - Al√≠vio | Cover (Jess√© Aguiar);Man√∫ Paiva;Cartoon Gender swap edit || Dibujos Animados con G'enero Opuesto  #shorts;Play With Me;MIX SERTANEJO UNIVERSIT√ÅRIO - Henrique  Juliano, Maiara e Mara√≠sa, Gusttavo Lima,Z√© Neto e Cristiano;Canal Sertanejo;Churrasquinho do Menos √© Mais - Melhor eu ir/Ligando os Fatos/Sonho de Amor/Deixa eu te querer;Grupo Menos √© Mais;O Tiktok Consegue Escapar Dessa Pris√£o?;Problems;;SEM SPOILERS! Minha cr√≠tica de THOR AMOR E TROV√ÉO [opini√£o] // BORGOVERSO;Huuro;Trolei meu AMIGO na BATALHA DE CONSTRU√á√ÉO do MINECRAFT;Athos;"God of War Ragnar√∂k - Trailer Cinematogr√°fico: ""Pai e Filho""  | PS5, PS4";PlayStation Brasil;Thor: Amor e Trov√£o - Cr√≠tica sem spoilers: o m√©todo Waititi n√£o funcionou;Dalenogare Cr√≠ticas;Avalia√ß√£o NOVO HB20 2023 - Mudou pra melhor o Novo Hyundai Hb20 2023 mas e o farol de GOL?;Carro Chefe;BASTIDORES - FLUMINENSE 4X0 CORINTHIANS - CAMPEONATO BRASILEIRO 2022;Fluminense Football Club;MASTERCHEF BRASIL (05/07/2022) | PARTE 2 | EP 08 | TEMP 09;MasterChef Brasil;League of Legends: Wild Rift | Pr√©via da Atualiza√ß√£o 3.3;WildRiftBR;God of War Ragnar√∂k - Collector's and J√∂tnar Editions Official Unboxing Video | PS5 & PS4 Games;PlayStation;aespa ÏóêÏä§Ìåå 'Girls' MV Teaser;SMTOWN;MASTERCHEF BRASIL (05/07/2022) | PARTE 3 | EP 08 | TEMP 09;MasterChef Brasil;XOD√ì (Visualizer) - Juliette;Juliette;Uma playlist para melhorar o seu dia;Lyrics de M√∫sicas;TARC√çSIO DO ACORDEON | VITOR FERNANDES & JO√ÉO GOMES | S√ì AS TOPS DO PISEIRO;Caio Souza Repert√≥rios;Maratona em Casa com a Turma #FicaemCasa üè† | Turma da M√¥nica;Turma da M√¥nica;Boyce Avenue Greatest Hits Full Album 2021 |  Best Songs Of Boyce Avenue 2021 |  Acoustic songs 2021;Acoustic Songs Collection;Sa√∫de emocional - Cultive esses 7 h√°bitos  |  Psiquiatra Fernando Fernandes;Psiquiatra Fernando Fernandes;Louvores de Adora√ß√£o 2022 - Top 50 M√∫sicas Gospel Mais Tocadas 2022 - hinos gospel 2022;MG - M√∫sicas Gospel ‚ô™;Pica Pau em Portugu√™s | Ganhe um Pr√™mio | Desenhos Animados | WildBrain em Portugu√™s;WildBrain em Portugu√™s;Dua Lipa, Coldplay, Martin Garrix & Kygo, The Chainsmokers Style - Feeling Me;Deep Mood.;MPB PARA O SEU CAFE DA MANHA NANDO REIS GADU SKANK TIM MAIA KIDABELHA ZELIA DUNCAN;88 Bier;M√∫sica calmante para los nervios üåø m√∫sica curativa para el coraz√≥n y los vasos sangu√≠neos,relajaci√≥n;Soothing Your Soul;Relaxing Whiskey Blues Music | Best Of Slow Blues /Rock Ballads | Fantastic Electric Guitar Blues;JAZZ & BLUES;Padre Pio e Lutero;Padre Paulo Ricardo
5;[AO VIVO] JOGO ABERTO - 07/07/2022;Jogo Aberto;CCR, Scorpions, GNR, Bon Jovi, U2, Led Zeppelin, Aerosmith üìªüìª Rock Ballads 70's 80's 90's;Music In Paradise;Man√∫ Paiva - Al√≠vio | Cover (Jess√© Aguiar);Man√∫ Paiva;Pica Pau em Portugu√™s | Ganhe um Pr√™mio | Desenhos Animados | WildBrain em Portugu√™s;WildBrain em Portugu√™s;Cartoon Gender swap edit || Dibujos Animados con G'enero Opuesto  #shorts;Play With Me;Ed Sheeran, Martin Garrix, Kygo, Dua Lipa, Avicii, Robin Schulz, The Chainsmokers Style - Feeling Me;Haa Taa Deep;TUDO QUE TOCO VIRA VIDRO NO MINECRAFT;Athos;Churrasquinho do Menos √© Mais - Melhor eu ir/Ligando os Fatos/Sonho de Amor/Deixa eu te querer;Grupo Menos √© Mais;;Trolei meu AMIGO na BATALHA DE CONSTRU√á√ÉO do MINECRAFT;Athos;"God of War Ragnar√∂k - Trailer Cinematogr√°fico: ""Pai e Filho""  | PS5, PS4";PlayStation Brasil;Thor: Amor e Trov√£o - Cr√≠tica sem spoilers: o m√©todo Waititi n√£o funcionou;Dalenogare Cr√≠ticas;Avalia√ß√£o NOVO HB20 2023 - Mudou pra melhor o Novo Hyundai Hb20 2023 mas e o farol de GOL?;Carro Chefe;MASTERCHEF BRASIL (05/07/2022) | PARTE 2 | EP 08 | TEMP 09;MasterChef Brasil;God of War Ragnar√∂k - Collector's and J√∂tnar Editions Official Unboxing Video | PS5 & PS4 Games;PlayStation;SEM SPOILERS! Minha cr√≠tica de THOR AMOR E TROV√ÉO [opini√£o] // BORGOVERSO;Huuro;MASTERCHEF BRASIL (05/07/2022) | PARTE 3 | EP 08 | TEMP 09;MasterChef Brasil;ASSISTI THOR: AMOR E TROV√ÉO - REVIEW COMPLETO [Sem Spoilers];Ei Nerd;HULK 'EXORCIZA' FANTASMA, ATL√âTICO-MG BATE O EMELEC E AVAN√áA √ÄS QUARTAS DE FINAL NA LIBERTADORES;ESPN Brasil;SER√Å QUE G√äNIO QUIZ 9 √â BOM EM 2022?;Jazzghost;Se Voc√™ Souber a Curiosidade, o V√≠deo Acaba...;Problems;Bolos fof√≠ssimos DIY || Preparando bolos deliciosos inspirados em nossos personagens favoritos;Slime Sam Sapeca LIVE;Henrique e Juliano 2022 - As Mais Tocadas do Henrique e Juliano 2022 - Top Sertanejo 2022;Mix Sertanejo;MIX SERTANEJO UNIVERSIT√ÅRIO - Henrique  Juliano, Maiara e Mara√≠sa, Gusttavo Lima,Z√© Neto e Cristiano;Canal Sertanejo;Relaxing Whiskey Blues Music | Best Of Slow Blues /Rock Ballads | Fantastic Electric Guitar Blues;JAZZ & BLUES;Louvores de Adora√ß√£o 2022 - Top 50 M√∫sicas Gospel Mais Tocadas 2022 - hinos gospel 2022;MG - M√∫sicas Gospel ‚ô™;Boyce Avenue Greatest Hits Full Album 2021 |  Best Songs Of Boyce Avenue 2021 |  Acoustic songs 2021;Acoustic Songs Collection;Maratona em Casa com a Turma #FicaemCasa üè† | Turma da M√¥nica;Turma da M√¥nica;Dua Lipa, Coldplay, Martin Garrix & Kygo, The Chainsmokers Style - Feeling Me;Deep Mood.;Pq v√≠deos de comidas coreanas tem tantas views?;T3ddy;√öltima hora: Dimite Boris Johnson como primer ministro brit√°nico;Negocios TV;TARC√çSIO DO ACORDEON | VITOR FERNANDES & JO√ÉO GOMES | S√ì AS TOPS DO PISEIRO;Caio Souza Repert√≥rios;Pink Panther Fights Off Pests | 54 Minute Compilation | The Pink Panther Show;Official Pink Panther
6;[AO VIVO] JOGO ABERTO - 07/07/2022;Jogo Aberto;CCR, Scorpions, GNR, Bon Jovi, U2, Led Zeppelin, Aerosmith üìªüìª Rock Ballads 70's 80's 90's;Music In Paradise;Ed Sheeran, Martin Garrix, Kygo, Dua Lipa, Avicii, Robin Schulz, The Chainsmokers Style - Feeling Me;Haa Taa Deep;Louvores de Adora√ß√£o 2022 - Top 50 M√∫sicas Gospel Mais Tocadas 2022 - hinos gospel 2022;MG - M√∫sicas Gospel ‚ô™;Cartoon Gender swap edit || Dibujos Animados con G'enero Opuesto  #shorts;Play With Me;Maratona em Casa com a Turma #FicaemCasa üè† | Turma da M√¥nica;Turma da M√¥nica;TUDO QUE TOCO VIRA VIDRO NO MINECRAFT;Athos;MPB AS MELHORES PRO CAFE DA MANHA, SKANK, NANDO REIS, KIDABELHA, THIAGO IORC;88 Bier;;Trolei meu AMIGO na BATALHA DE CONSTRU√á√ÉO do MINECRAFT;Athos;Thor: Amor e Trov√£o - Cr√≠tica sem spoilers: o m√©todo Waititi n√£o funcionou;Dalenogare Cr√≠ticas;"God of War Ragnar√∂k - Trailer Cinematogr√°fico: ""Pai e Filho""  | PS5, PS4";PlayStation Brasil;SEM SPOILERS! Minha cr√≠tica de THOR AMOR E TROV√ÉO [opini√£o] // BORGOVERSO;Huuro;MASTERCHEF BRASIL (05/07/2022) | PARTE 2 | EP 08 | TEMP 09;MasterChef Brasil;Avalia√ß√£o NOVO HB20 2023 - Mudou pra melhor o Novo Hyundai Hb20 2023 mas e o farol de GOL?;Carro Chefe;BASTIDORES - FLUMINENSE 4X0 CORINTHIANS - CAMPEONATO BRASILEIRO 2022;Fluminense Football Club;League of Legends: Wild Rift | Pr√©via da Atualiza√ß√£o 3.3;WildRiftBR;EU CRIEI A VERS√ÉO 2.0 DOS MOBS NO MINECRAFT;Panda Espacial;MASTERCHEF BRASIL (05/07/2022) | PARTE 3 | EP 08 | TEMP 09;MasterChef Brasil;God of War Ragnar√∂k - Collector's and J√∂tnar Editions Official Unboxing Video | PS5 & PS4 Games;PlayStation;Hyundai Novo HB20;Hyundai Motor Brasil;Boyce Avenue Greatest Hits Full Album 2021 |  Best Songs Of Boyce Avenue 2021 |  Acoustic songs 2021;Acoustic Songs Collection;MIX SERTANEJO UNIVERSIT√ÅRIO - Henrique  Juliano, Maiara e Mara√≠sa, Gusttavo Lima,Z√© Neto e Cristiano;Canal Sertanejo;Relaxing Whiskey Blues Music | Best Of Slow Blues /Rock Ballads | Fantastic Electric Guitar Blues;JAZZ & BLUES;Churrasquinho do Menos √© Mais - Melhor eu ir/Ligando os Fatos/Sonho de Amor/Deixa eu te querer;Grupo Menos √© Mais;Relaxing Piano Music & Water Sounds 24/7 - Ideal for Stress Relief and Healing;OCB Relax Music;Man√∫ Paiva - Al√≠vio | Cover (Jess√© Aguiar);Man√∫ Paiva;Pica Pau em Portugu√™s | Ganhe um Pr√™mio | Desenhos Animados | WildBrain em Portugu√™s;WildBrain em Portugu√™s;Ed Sheeran, Martin Garrix, Avicii, Kygo, Dua Lipa, The Chainsmokers Style - Feeling Me;Deep Mood.;Linkin Park 2 Hours Non-stopüî•The Best Songs Of Linkin Parküî•In The End/Numb/New Divide/What I've Done;Music Library;COLOQUEI O SHREK PRA CONVERSAR COM BOB ESPONJA * sem que eles soubessem * (True Ingredients);Tex HS;100 Obras de Mozart | M√∫sica Cl√°sica;HALIDONMUSIC;Uma playlist para melhorar o seu dia;Lyrics de M√∫sicas
7;[AO VIVO] JOGO ABERTO - 07/07/2022;Jogo Aberto;CCR, Scorpions, GNR, Bon Jovi, U2, Led Zeppelin, Aerosmith üìªüìª Rock Ballads 70's 80's 90's;Music In Paradise;Pica Pau em Portugu√™s | Ganhe um Pr√™mio | Desenhos Animados | WildBrain em Portugu√™s;WildBrain em Portugu√™s;Man√∫ Paiva - Al√≠vio | Cover (Jess√© Aguiar);Man√∫ Paiva;Minecraft Ep1;Yakooxd_;Ed Sheeran, Martin Garrix, Kygo, Dua Lipa, Avicii, Robin Schulz, The Chainsmokers Style - Feeling Me;Haa Taa Deep;sobrevivi em uma VILA ZUMBI INFINITA no minecraft...;Geleia;TARC√çSIO DO ACORDEON , VITOR FERNANDES & JO√ÉO GOMES ( HITS DO PISEIRO );Caio Souza Repert√≥rios;;Trolei meu AMIGO na BATALHA DE CONSTRU√á√ÉO do MINECRAFT;Athos;SEM SPOILERS! Minha cr√≠tica de THOR AMOR E TROV√ÉO [opini√£o] // BORGOVERSO;Huuro;"God of War Ragnar√∂k - Trailer Cinematogr√°fico: ""Pai e Filho""  | PS5, PS4";PlayStation Brasil;Thor: Amor e Trov√£o - Cr√≠tica sem spoilers: o m√©todo Waititi n√£o funcionou;Dalenogare Cr√≠ticas;BASTIDORES - FLUMINENSE 4X0 CORINTHIANS - CAMPEONATO BRASILEIRO 2022;Fluminense Football Club;Avalia√ß√£o NOVO HB20 2023 - Mudou pra melhor o Novo Hyundai Hb20 2023 mas e o farol de GOL?;Carro Chefe;SER√Å QUE G√äNIO QUIZ 9 √â BOM EM 2022?;Jazzghost;MASTERCHEF BRASIL (05/07/2022) | PARTE 2 | EP 08 | TEMP 09;MasterChef Brasil;League of Legends: Wild Rift | Pr√©via da Atualiza√ß√£o 3.3;WildRiftBR;God of War Ragnar√∂k - Collector's and J√∂tnar Editions Official Unboxing Video | PS5 & PS4 Games;PlayStation;aespa ÏóêÏä§Ìåå 'Girls' MV Teaser;SMTOWN;MASTERCHEF BRASIL (05/07/2022) | PARTE 3 | EP 08 | TEMP 09;MasterChef Brasil;Churrasquinho do Menos √© Mais - Melhor eu ir/Ligando os Fatos/Sonho de Amor/Deixa eu te querer;Grupo Menos √© Mais;Gotye - Somebody That I Used To Know (feat. Kimbra) [Official Music Video];gotyemusic;MIX SERTANEJO UNIVERSIT√ÅRIO - Henrique  Juliano, Maiara e Mara√≠sa, Gusttavo Lima,Z√© Neto e Cristiano;Canal Sertanejo;Relaxing Whiskey Blues Music | Best Of Slow Blues /Rock Ballads | Fantastic Electric Guitar Blues;JAZZ & BLUES;Maratona em Casa com a Turma #FicaemCasa üè† | Turma da M√¥nica;Turma da M√¥nica;MPB PARA TRABALHAR ESTUDAR OU RELAXAR Z√â RAMALHO, FAGNER, ALCEU VALEN√áA, GIL, NOVOS BAIANOS;M√∫sica Popular Brasileira;Dua Lipa, Coldplay, Martin Garrix & Kygo, The Chainsmokers Style - Feeling Me;Deep Light;Louvores de Adora√ß√£o 2022 - Top 50 M√∫sicas Gospel Mais Tocadas 2022 - hinos gospel 2022;MG - M√∫sicas Gospel ‚ô™;M√∫sica suave curativa para la salud y calmante del sistema nervioso, relajaci√≥n profunda! Di s√≠;Lucid Dream;Padre Pio e Lutero;Padre Paulo Ricardo;Pela Manh√£ (Clipe Oficial) - Alessandro Vilas Boas | Som do Reino;Som do Reino;TUDO QUE TOCO VIRA VIDRO NO MINECRAFT;Athos
8;[AO VIVO] JOGO ABERTO - 07/07/2022;Jogo Aberto;CCR, Scorpions, GNR, Bon Jovi, U2, Led Zeppelin, Aerosmith üìªüìª Rock Ballads 70's 80's 90's;Music In Paradise;TUDO QUE TOCO VIRA VIDRO NO MINECRAFT;Athos;Churrasquinho do Menos √© Mais - Melhor eu ir/Ligando os Fatos/Sonho de Amor/Deixa eu te querer;Grupo Menos √© Mais;Cartoon Gender swap edit || Dibujos Animados con G'enero Opuesto  #shorts;Play With Me;Ed Sheeran, Martin Garrix, Kygo, Dua Lipa, Avicii, Robin Schulz, The Chainsmokers Style - Feeling Me;Haa Taa Deep;"O maior erro do whatsapp foi lan√ßar as ""rea√ß√µes""";T3ddy;Man√∫ Paiva - Al√≠vio | Cover (Jess√© Aguiar);Man√∫ Paiva;;Trolei meu AMIGO na BATALHA DE CONSTRU√á√ÉO do MINECRAFT;Athos;Avalia√ß√£o NOVO HB20 2023 - Mudou pra melhor o Novo Hyundai Hb20 2023 mas e o farol de GOL?;Carro Chefe;"God of War Ragnar√∂k - Trailer Cinematogr√°fico: ""Pai e Filho""  | PS5, PS4";PlayStation Brasil;BASTIDORES - FLUMINENSE 4X0 CORINTHIANS - CAMPEONATO BRASILEIRO 2022;Fluminense Football Club;SER√Å QUE G√äNIO QUIZ 9 √â BOM EM 2022?;Jazzghost;League of Legends: Wild Rift | Pr√©via da Atualiza√ß√£o 3.3;WildRiftBR;Thor: Amor e Trov√£o - Cr√≠tica sem spoilers: o m√©todo Waititi n√£o funcionou;Dalenogare Cr√≠ticas;Se Voc√™ Souber a Curiosidade, o V√≠deo Acaba...;Problems;MASTERCHEF BRASIL (05/07/2022) | PARTE 2 | EP 08 | TEMP 09;MasterChef Brasil;God of War Ragnar√∂k - Collector's and J√∂tnar Editions Official Unboxing Video | PS5 & PS4 Games;PlayStation;EU CRIEI A VERS√ÉO 2.0 DOS MOBS NO MINECRAFT;Panda Espacial;SEM SPOILERS! Minha cr√≠tica de THOR AMOR E TROV√ÉO [opini√£o] // BORGOVERSO;Huuro;Leozinn.077 Compilado melhores mais engra√ßados 2022 TikTok  | Leozinn.077;Aperta O play ;Comi a Maior Fatia de Pizza do Mundo!;MrBeast Brasil;Maratona em Casa com a Turma #FicaemCasa üè† | Turma da M√¥nica;Turma da M√¥nica;Sertanejo 2022 Atualizado Abril 2022 | Sertanejo Mais Tocadas 2022 -  2022 - 4;JB MUSIC;Pica Pau em Portugu√™s | Ganhe um Pr√™mio | Desenhos Animados | WildBrain em Portugu√™s;WildBrain em Portugu√™s;Boyce Avenue Greatest Hits Full Album 2021 |  Best Songs Of Boyce Avenue 2021 |  Acoustic songs 2021;Acoustic Songs Collection;O Que Acontece com 1.000.000.000 de Espa√ßos no Invent√°rio?;Geleia;MPB PARA TRABALHAR ESTUDAR OU RELAXAR Z√â RAMALHO, FAGNER, ALCEU VALEN√áA, GIL, NOVOS BAIANOS;M√∫sica Popular Brasileira;As 13 melhores extravag√¢ncias culin√°rias de Bob Esponja | Bob Esponja em Portugu√™s;Bob Esponja em Portugu√™s;Ed Sheeran, Martin Garrix, Avicii, Kygo, Dua Lipa, The Chainsmokers Style - Feeling Me;Deep Mood.;Uma playlist para melhorar o seu dia;Lyrics de M√∫sicas;CASIMIRO REAGE: MUQUIRANAS! CHARLES HENRIQUEP√âDIA DA ECONOMIA | Cortes do Casimito;Cortes do Casimito [OFICIAL]
9;TINI, Becky G, Anitta - La Loto (Official Video);TINI;Ed Sheeran, Martin Garrix, Kygo, Dua Lipa, Avicii, Robin Schulz, The Chainsmokers Style - Feeling Me;Haa Taa Deep;[AO VIVO] JOGO ABERTO - 07/07/2022;Jogo Aberto;Louvores de Adora√ß√£o 2022 - Top 50 M√∫sicas Gospel Mais Tocadas 2022 - hinos gospel 2022;MG - M√∫sicas Gospel ‚ô™;Cartoon Gender swap edit || Dibujos Animados con G'enero Opuesto  #shorts;Play With Me;FLAMENGO HUMILHA TOLIMA, FAZ 7 A 1 COM SHOW DE PEDRO E AVAN√áA VOANDO NA LIBERTADORES;ESPN Brasil;M√°quinas Sovi√©ticas Malucas Que Voc√™ N√£o Vai Acreditar Que Existem;Fala S√©rio;BUSQUEI BOCA DE 09 NA ESCOLA DE R8 ‚Äπ JonVlogs ‚Ä∫;Jon Vlogs;;ASSISTI THOR: AMOR E TROV√ÉO - REVIEW COMPLETO [Sem Spoilers];Ei Nerd;Avalia√ß√£o NOVO HB20 2023 - Mudou pra melhor o Novo Hyundai Hb20 2023 mas e o farol de GOL?;Carro Chefe;BOCA JUNIORS 5 X 6 CORINTHIANS - DISPUTA DE P√äNALTIS COMPLETA (OITAVAS LIBERTADORES 2022);ESPN Brasil;HULK 'EXORCIZA' FANTASMA, ATL√âTICO-MG BATE O EMELEC E AVAN√áA √ÄS QUARTAS DE FINAL NA LIBERTADORES;ESPN Brasil;"God of War Ragnar√∂k - Trailer Cinematogr√°fico: ""Pai e Filho""  | PS5, PS4";PlayStation Brasil;Thor: Amor e Trov√£o - Cr√≠tica sem spoilers: o m√©todo Waititi n√£o funcionou;Dalenogare Cr√≠ticas;SEM SPOILERS! Minha cr√≠tica de THOR AMOR E TROV√ÉO [opini√£o] // BORGOVERSO;Huuro;Voc√™ Consegue Escapar Desse Circulo?;Problems;O BOSS MAIS DIF√çCIL DA DLC DE CUPHEAD???;Dri;SER√Å QUE G√äNIO QUIZ 9 √â BOM EM 2022?;Jazzghost;God of War Ragnar√∂k - Collector's and J√∂tnar Editions Official Unboxing Video | PS5 & PS4 Games;PlayStation;Boca Juniors 0 (5) x (6) 0 Corinthians - TODOS OS P√äNALTIS E MELHORES MOMENTOS;SBT Sports;MPB AS MELHORES PRO CAFE DA MANHA, SKANK, NANDO REIS, KIDABELHA, THIAGO IORC;88 Bier;Leozinn.077 Compilado melhores mais engra√ßados 2022 TikTok  | Leozinn.077;Aperta O play ;Policial de folga atira em assaltantes;Band Jornalismo;[EN VIVO] Urbana Play 104.3 FM;Urbana Play 104.3 FM;Relaxing Whiskey Blues Music | Best Of Slow Blues /Rock Ballads | Fantastic Electric Guitar Blues;JAZZ & BLUES;Se Eu Tomar Dano, Fica Mais Realista!;Geleia;Ed Sheeran, Martin Garrix, Avicii, Kygo, Dua Lipa, The Chainsmokers Style - Feeling Me;Deep Mood.;Sertanejo 2022 Atualizado Abril 2022 | Sertanejo Mais Tocadas 2022 -  2022 - 4;JB MUSIC;Tenho 27 anos e s√≥ descobri hoje pra que serve isso;T3ddy;Man√∫ Paiva - Al√≠vio | Cover (Jess√© Aguiar);Man√∫ Paiva;ESTE MENINO CORRE T√ÉO R√ÅPIDO QUE NINGU√âM CONSEGUE GANHAR DELE;BRAIN TIME;STRANGER PAIN - EP 2 | Painzeiro;Painzeiro
